date,time,agent,mode,status,cost_usd,duration_ms,turns,notes
2026-04-03,02:02:57,vault-indexer,,success,0.0000,172069,,"chunks=2638, embeddings=2638, errors=0"
2026-04-07,02:12:18,vault-indexer,,success,0.0000,4781,,"chunks=51, embeddings=51, errors=0"
2026-04-08,02:11:38,vault-indexer,,success,0.0000,12641,,"chunks=64, embeddings=64, errors=0"
2026-04-09,02:06:30,vault-indexer,,success,0.0000,12954,,"chunks=90, embeddings=90, errors=0"
2026-04-09,08:46:20,daily-driver,morning,success,0.3957,50638,10,Morning planning complete.
2026-04-10,02:07:49,vault-indexer,,success,0.0000,15217,,"chunks=39, embeddings=39, errors=0"
2026-04-10,08:45:52,daily-driver,morning,success,0.3213,44319,6,"**Morning planning complete — 2026-04-10 daily note created.**

**Summary:**
- **Critical priority:** Rewrite Zapier workflow docs (4th carry-over — yesterday's lesson: timebox creative work to protec"
2026-04-11,02:05:37,vault-indexer,,success,0.0000,1564,,"chunks=7, embeddings=7, errors=0"
2026-04-11,08:46:12,daily-driver,morning,success,0.3893,58985,8,"Morning planning complete.

**Daily note created:** `vault/10_timeline/daily/2026-04-11.md`

**Summary:**
- **7 carry-over items** from yesterday (4/10)
- **Top priority:** Revise Pro deck with data-f"
2026-04-12,02:00:05,vault-indexer,,success,0.0000,907,,"chunks=2, embeddings=2, errors=0"
2026-04-12,08:45:56,daily-driver,morning,success,0.3759,47141,8,"Morning planning complete.

**Summary:**
- Created `vault/10_timeline/daily/2026-04-12.md`
- **Top priority:** Pro deck revision & send to Ed (3rd carry-over — cannot slide again)
- **7 carry-over ite"
2026-04-12,12:14:11,daily-driver,morning,success,0.3090,25535,6,"**Morning agent complete. Today's note already existed with full plan.**

Summary:
- **Today's note**: `vault/10_timeline/daily/2026-04-12.md` — already populated by prior run
- **Top priority**: Revi"
2026-04-13,02:00:03,vault-indexer,,success,0.0000,864,,"chunks=3, embeddings=3, errors=0"
2026-04-13,08:45:44,daily-driver,morning,success,0.3513,37270,7,"**Morning planning complete.** Daily note created at `vault/10_timeline/daily/2026-04-13.md`.

**Summary:**
- **7 carry-over items** from yesterday (all unchecked — nothing was completed Saturday)
- *"
2026-04-13,11:51:41,daily-driver,morning,success,0.3690,50588,7,"Morning planning complete.

**Summary:**
- Today's note (`2026-04-13.md`) already existed from a prior agent run — no overwrite needed
- **Good news from yesterday:** 4 of 7 carry-over items were comp"
2026-04-14,02:00:07,vault-indexer,,success,0.0000,3151,,"chunks=36, embeddings=36, errors=0"
2026-04-14,08:46:10,daily-driver,morning,success,0.3405,60434,6,"Morning planning complete.

**Summary:**
- Created `vault/10_timeline/daily/2026-04-14.md`
- Yesterday (4/13): 4 items completed (Pro deck revised + sent, weekly review, 16bitfit Phase 5c). 4 items ca"
2026-04-15,02:14:11,vault-indexer,,success,0.0000,44569,,"chunks=634, embeddings=634, errors=0"
